{"cameraMode":{"drawMode":0,"name":"Shaded","section":"Shading Mode"},"sceneLighting":true,"audioPlay":false,"sceneViewState":{"m_AlwaysRefresh":false,"showFog":true,"showSkybox":true,"showFlares":true,"showImageEffects":true,"showParticleSystems":true,"showVisualEffectGraphs":true,"m_FxEnabled":true},"in2DMode":false,"pivot":{"x":-0.26086878776550295,"y":0.3111168146133423,"z":-0.08596073091030121},"rotation":{"x":-0.22664833068847657,"y":-0.6574687361717224,"z":0.21758560836315156,"w":-0.684853196144104},"size":2.3572099208831789,"orthographic":false}